<?xml version="1.0" encoding="UTF-8"?>
<?mso-application progid="Excel.Sheet"?><Workbook xmlns="urn:schemas-microsoft-com:office:spreadsheet" xmlns:c="urn:schemas-microsoft-com:office:component:spreadsheet" xmlns:html="http://www.w3.org/TR/REC-html40" xmlns:o="urn:schemas-microsoft-com:office:office" xmlns:ss="urn:schemas-microsoft-com:office:spreadsheet" xmlns:x2="http://schemas.microsoft.com/office/excel/2003/xml" xmlns:x="urn:schemas-microsoft-com:office:excel" xmlns:xsi="http://www.w3.org/2001/XMLSchema-instance"><OfficeDocumentSettings xmlns="urn:schemas-microsoft-com:office:office"><Colors><Color><Index>3</Index><RGB>#c0c0c0</RGB></Color></Colors></OfficeDocumentSettings><ExcelWorkbook xmlns="urn:schemas-microsoft-com:office:excel"><WindowHeight>9000</WindowHeight><WindowWidth>13860</WindowWidth><WindowTopX>240</WindowTopX><WindowTopY>75</WindowTopY><ProtectStructure>False</ProtectStructure><ProtectWindows>False</ProtectWindows></ExcelWorkbook><Styles><Style ss:ID="Default" ss:Name="Default"/><Style ss:ID="Result" ss:Name="Result"><Font ss:Bold="1" ss:Italic="1" ss:Underline="Single"/></Style><Style ss:ID="Result2" ss:Name="Result2"><Font ss:Bold="1" ss:Italic="1" ss:Underline="Single"/></Style><Style ss:ID="Heading" ss:Name="Heading"><Font ss:Bold="1" ss:Italic="1" ss:Size="16"/></Style><Style ss:ID="Heading1" ss:Name="Heading1"><Font ss:Bold="1" ss:Italic="1" ss:Size="16"/></Style><Style ss:ID="co1"/><Style ss:ID="co2"/><Style ss:ID="co3"/><Style ss:ID="ta1"/></Styles><ss:Worksheet ss:Name="pokemon_species_names"><Table ss:StyleID="ta1"><Column ss:Width="104.3433"/><Column ss:Width="99.6378"/><Row ss:Height="12.8126"><Cell><Data ss:Type="String">pokemon_species_id</Data></Cell><Cell><Data ss:Type="String">name</Data></Cell></Row><Row ss:Height="12.8126"><Cell><Data ss:Type="Number">1</Data></Cell><Cell><Data ss:Type="String">Bulbasaur</Data></Cell></Row><Row ss:Height="12.8126"><Cell><Data ss:Type="Number">2</Data></Cell><Cell><Data ss:Type="String">Ivysaur</Data></Cell></Row><Row ss:Height="12.8126"><Cell><Data ss:Type="Number">3</Data></Cell><Cell><Data ss:Type="String">Venusaur</Data></Cell></Row><Row ss:Height="12.8126"><Cell><Data ss:Type="Number">4</Data></Cell><Cell><Data ss:Type="String">Charmander</Data></Cell></Row><Row ss:Height="12.8126"><Cell><Data ss:Type="Number">5</Data></Cell><Cell><Data ss:Type="String">Charmeleon</Data></Cell></Row><Row ss:Height="12.8126"><Cell><Data ss:Type="Number">6</Data></Cell><Cell><Data ss:Type="String">Charizard</Data></Cell></Row><Row ss:Height="12.8126"><Cell><Data ss:Type="Number">7</Data></Cell><Cell><Data ss:Type="String">Squirtle</Data></Cell></Row><Row ss:Height="12.8126"><Cell><Data ss:Type="Number">8</Data></Cell><Cell><Data ss:Type="String">Wartortle</Data></Cell></Row><Row ss:Index="10" ss:Height="12.8126"><Cell><Data ss:Type="Number">9</Data></Cell><Cell><Data ss:Type="String">Blastoise</Data></Cell></Row><Row ss:Height="12.8126"><Cell><Data ss:Type="Number">10</Data></Cell><Cell><Data ss:Type="String">Caterpie</Data></Cell></Row><Row ss:Height="12.8126"><Cell><Data ss:Type="Number">11</Data></Cell><Cell><Data ss:Type="String">Metapod</Data></Cell></Row><Row ss:Height="12.8126"><Cell><Data ss:Type="Number">12</Data></Cell><Cell><Data ss:Type="String">Butterfree</Data></Cell></Row><Row ss:Height="12.8126"><Cell><Data ss:Type="Number">13</Data></Cell><Cell><Data ss:Type="String">Weedle</Data></Cell></Row><Row ss:Height="12.8126"><Cell><Data ss:Type="Number">14</Data></Cell><Cell><Data ss:Type="String">Kakuna</Data></Cell></Row><Row ss:Height="12.8126"><Cell><Data ss:Type="Number">15</Data></Cell><Cell><Data ss:Type="String">Beedrill</Data></Cell></Row><Row ss:Height="12.8126"><Cell><Data ss:Type="Number">16</Data></Cell><Cell><Data ss:Type="String">Pidgey</Data></Cell></Row><Row ss:Height="12.8126"><Cell><Data ss:Type="Number">17</Data></Cell><Cell><Data ss:Type="String">Pidgeotto</Data></Cell></Row><Row ss:Height="12.8126"><Cell><Data ss:Type="Number">18</Data></Cell><Cell><Data ss:Type="String">Pidgeot</Data></Cell></Row><Row ss:Index="20" ss:Height="12.8126"><Cell><Data ss:Type="Number">19</Data></Cell><Cell><Data ss:Type="String">Rattata</Data></Cell></Row><Row ss:Height="12.8126"><Cell><Data ss:Type="Number">20</Data></Cell><Cell><Data ss:Type="String">Raticate</Data></Cell></Row><Row ss:Height="12.8126"><Cell><Data ss:Type="Number">21</Data></Cell><Cell><Data ss:Type="String">Spearow</Data></Cell></Row><Row ss:Height="12.8126"><Cell><Data ss:Type="Number">22</Data></Cell><Cell><Data ss:Type="String">Fearow</Data></Cell></Row><Row ss:Height="12.8126"><Cell><Data ss:Type="Number">23</Data></Cell><Cell><Data ss:Type="String">Ekans</Data></Cell></Row><Row ss:Height="12.8126"><Cell><Data ss:Type="Number">24</Data></Cell><Cell><Data ss:Type="String">Arbok</Data></Cell></Row><Row ss:Height="12.8126"><Cell><Data ss:Type="Number">25</Data></Cell><Cell><Data ss:Type="String">Pikachu</Data></Cell></Row><Row ss:Height="12.8126"><Cell><Data ss:Type="Number">26</Data></Cell><Cell><Data ss:Type="String">Raichu</Data></Cell></Row><Row ss:Height="12.8126"><Cell><Data ss:Type="Number">27</Data></Cell><Cell><Data ss:Type="String">Sandshrew</Data></Cell></Row><Row ss:Index="29" ss:Height="12.8126"><Cell><Data ss:Type="Number">28</Data></Cell><Cell><Data ss:Type="String">Sandslash</Data></Cell></Row><Row ss:Height="12.8126"><Cell><Data ss:Type="Number">29</Data></Cell><Cell><Data ss:Type="String">Nidoran</Data></Cell></Row><Row ss:Height="12.8126"><Cell><Data ss:Type="Number">30</Data></Cell><Cell><Data ss:Type="String">Nidorina</Data></Cell></Row><Row ss:Height="12.8126"><Cell><Data ss:Type="Number">31</Data></Cell><Cell><Data ss:Type="String">Nidoqueen</Data></Cell></Row><Row ss:Height="12.8126"><Cell><Data ss:Type="Number">32</Data></Cell><Cell><Data ss:Type="String">Nidoran</Data></Cell></Row><Row ss:Height="12.8126"><Cell><Data ss:Type="Number">33</Data></Cell><Cell><Data ss:Type="String">Nidorino</Data></Cell></Row><Row ss:Height="12.8126"><Cell><Data ss:Type="Number">34</Data></Cell><Cell><Data ss:Type="String">Nidoking</Data></Cell></Row><Row ss:Height="12.8126"><Cell><Data ss:Type="Number">35</Data></Cell><Cell><Data ss:Type="String">Clefairy</Data></Cell></Row><Row ss:Height="12.8126"><Cell><Data ss:Type="Number">36</Data></Cell><Cell><Data ss:Type="String">Clefable</Data></Cell></Row><Row ss:Height="12.8126"><Cell><Data ss:Type="Number">37</Data></Cell><Cell><Data ss:Type="String">Vulpix</Data></Cell></Row><Row ss:Index="39" ss:Height="12.8126"><Cell><Data ss:Type="Number">38</Data></Cell><Cell><Data ss:Type="String">Ninetales</Data></Cell></Row><Row ss:Height="12.8126"><Cell><Data ss:Type="Number">39</Data></Cell><Cell><Data ss:Type="String">Jigglypuff</Data></Cell></Row><Row ss:Height="12.8126"><Cell><Data ss:Type="Number">40</Data></Cell><Cell><Data ss:Type="String">Wigglytuff</Data></Cell></Row><Row ss:Height="12.8126"><Cell><Data ss:Type="Number">41</Data></Cell><Cell><Data ss:Type="String">Zubat</Data></Cell></Row><Row ss:Height="12.8126"><Cell><Data ss:Type="Number">42</Data></Cell><Cell><Data ss:Type="String">Golbat</Data></Cell></Row><Row ss:Height="12.8126"><Cell><Data ss:Type="Number">43</Data></Cell><Cell><Data ss:Type="String">Oddish</Data></Cell></Row><Row ss:Height="12.8126"><Cell><Data ss:Type="Number">44</Data></Cell><Cell><Data ss:Type="String">Gloom</Data></Cell></Row><Row ss:Height="12.8126"><Cell><Data ss:Type="Number">45</Data></Cell><Cell><Data ss:Type="String">Vileplume</Data></Cell></Row><Row ss:Height="12.8126"><Cell><Data ss:Type="Number">46</Data></Cell><Cell><Data ss:Type="String">Paras</Data></Cell></Row><Row ss:Index="48" ss:Height="12.8126"><Cell><Data ss:Type="Number">47</Data></Cell><Cell><Data ss:Type="String">Parasect</Data></Cell></Row><Row ss:Height="12.8126"><Cell><Data ss:Type="Number">48</Data></Cell><Cell><Data ss:Type="String">Venonat</Data></Cell></Row><Row ss:Height="12.8126"><Cell><Data ss:Type="Number">49</Data></Cell><Cell><Data ss:Type="String">Venomoth</Data></Cell></Row><Row ss:Height="12.8126"><Cell><Data ss:Type="Number">50</Data></Cell><Cell><Data ss:Type="String">Diglett</Data></Cell></Row><Row ss:Height="12.8126"><Cell><Data ss:Type="Number">51</Data></Cell><Cell><Data ss:Type="String">Dugtrio</Data></Cell></Row><Row ss:Height="12.8126"><Cell><Data ss:Type="Number">52</Data></Cell><Cell><Data ss:Type="String">Meowth</Data></Cell></Row><Row ss:Height="12.8126"><Cell><Data ss:Type="Number">53</Data></Cell><Cell><Data ss:Type="String">Persian</Data></Cell></Row><Row ss:Height="12.8126"><Cell><Data ss:Type="Number">54</Data></Cell><Cell><Data ss:Type="String">Psyduck</Data></Cell></Row><Row ss:Height="12.8126"><Cell><Data ss:Type="Number">55</Data></Cell><Cell><Data ss:Type="String">Golduck</Data></Cell></Row><Row ss:Height="12.8126"><Cell><Data ss:Type="Number">56</Data></Cell><Cell><Data ss:Type="String">Mankey</Data></Cell></Row><Row ss:Index="58" ss:Height="12.8126"><Cell><Data ss:Type="Number">57</Data></Cell><Cell><Data ss:Type="String">Primeape</Data></Cell></Row><Row ss:Height="12.8126"><Cell><Data ss:Type="Number">58</Data></Cell><Cell><Data ss:Type="String">Growlithe</Data></Cell></Row><Row ss:Height="12.8126"><Cell><Data ss:Type="Number">59</Data></Cell><Cell><Data ss:Type="String">Arcanine</Data></Cell></Row><Row ss:Height="12.8126"><Cell><Data ss:Type="Number">60</Data></Cell><Cell><Data ss:Type="String">Poliwag</Data></Cell></Row><Row ss:Height="12.8126"><Cell><Data ss:Type="Number">61</Data></Cell><Cell><Data ss:Type="String">Poliwhirl</Data></Cell></Row><Row ss:Height="12.8126"><Cell><Data ss:Type="Number">62</Data></Cell><Cell><Data ss:Type="String">Poliwrath</Data></Cell></Row><Row ss:Height="12.8126"><Cell><Data ss:Type="Number">63</Data></Cell><Cell><Data ss:Type="String">Abra</Data></Cell></Row><Row ss:Height="12.8126"><Cell><Data ss:Type="Number">64</Data></Cell><Cell><Data ss:Type="String">Kadabra</Data></Cell></Row><Row ss:Height="12.8126"><Cell><Data ss:Type="Number">65</Data></Cell><Cell><Data ss:Type="String">Alakazam</Data></Cell></Row><Row ss:Index="67" ss:Height="12.8126"><Cell><Data ss:Type="Number">66</Data></Cell><Cell><Data ss:Type="String">Machop</Data></Cell></Row><Row ss:Height="12.8126"><Cell><Data ss:Type="Number">67</Data></Cell><Cell><Data ss:Type="String">Machoke</Data></Cell></Row><Row ss:Height="12.8126"><Cell><Data ss:Type="Number">68</Data></Cell><Cell><Data ss:Type="String">Machamp</Data></Cell></Row><Row ss:Height="12.8126"><Cell><Data ss:Type="Number">69</Data></Cell><Cell><Data ss:Type="String">Bellsprout</Data></Cell></Row><Row ss:Height="12.8126"><Cell><Data ss:Type="Number">70</Data></Cell><Cell><Data ss:Type="String">Weepinbell</Data></Cell></Row><Row ss:Height="12.8126"><Cell><Data ss:Type="Number">71</Data></Cell><Cell><Data ss:Type="String">Victreebel</Data></Cell></Row><Row ss:Height="12.8126"><Cell><Data ss:Type="Number">72</Data></Cell><Cell><Data ss:Type="String">Tentacool</Data></Cell></Row><Row ss:Height="12.8126"><Cell><Data ss:Type="Number">73</Data></Cell><Cell><Data ss:Type="String">Tentacruel</Data></Cell></Row><Row ss:Height="12.8126"><Cell><Data ss:Type="Number">74</Data></Cell><Cell><Data ss:Type="String">Geodude</Data></Cell></Row><Row ss:Height="12.8126"><Cell><Data ss:Type="Number">75</Data></Cell><Cell><Data ss:Type="String">Graveler</Data></Cell></Row><Row ss:Index="77" ss:Height="12.8126"><Cell><Data ss:Type="Number">76</Data></Cell><Cell><Data ss:Type="String">Golem</Data></Cell></Row><Row ss:Height="12.8126"><Cell><Data ss:Type="Number">77</Data></Cell><Cell><Data ss:Type="String">Ponyta</Data></Cell></Row><Row ss:Height="12.8126"><Cell><Data ss:Type="Number">78</Data></Cell><Cell><Data ss:Type="String">Rapidash</Data></Cell></Row><Row ss:Height="12.8126"><Cell><Data ss:Type="Number">79</Data></Cell><Cell><Data ss:Type="String">Slowpoke</Data></Cell></Row><Row ss:Height="12.8126"><Cell><Data ss:Type="Number">80</Data></Cell><Cell><Data ss:Type="String">Slowbro</Data></Cell></Row><Row ss:Height="12.8126"><Cell><Data ss:Type="Number">81</Data></Cell><Cell><Data ss:Type="String">Magnemite</Data></Cell></Row><Row ss:Height="12.8126"><Cell><Data ss:Type="Number">82</Data></Cell><Cell><Data ss:Type="String">Magneton</Data></Cell></Row><Row ss:Height="12.8126"><Cell><Data ss:Type="Number">83</Data></Cell><Cell><Data ss:Type="String">Farfetch'd</Data></Cell></Row><Row ss:Height="12.8126"><Cell><Data ss:Type="Number">84</Data></Cell><Cell><Data ss:Type="String">Doduo</Data></Cell></Row><Row ss:Index="86" ss:Height="12.8126"><Cell><Data ss:Type="Number">85</Data></Cell><Cell><Data ss:Type="String">Dodrio</Data></Cell></Row><Row ss:Height="12.8126"><Cell><Data ss:Type="Number">86</Data></Cell><Cell><Data ss:Type="String">Seel</Data></Cell></Row><Row ss:Height="12.8126"><Cell><Data ss:Type="Number">87</Data></Cell><Cell><Data ss:Type="String">Dewgong</Data></Cell></Row><Row ss:Height="12.8126"><Cell><Data ss:Type="Number">88</Data></Cell><Cell><Data ss:Type="String">Grimer</Data></Cell></Row><Row ss:Height="12.8126"><Cell><Data ss:Type="Number">89</Data></Cell><Cell><Data ss:Type="String">Muk</Data></Cell></Row><Row ss:Height="12.8126"><Cell><Data ss:Type="Number">90</Data></Cell><Cell><Data ss:Type="String">Shellder</Data></Cell></Row><Row ss:Height="12.8126"><Cell><Data ss:Type="Number">91</Data></Cell><Cell><Data ss:Type="String">Cloyster</Data></Cell></Row><Row ss:Height="12.8126"><Cell><Data ss:Type="Number">92</Data></Cell><Cell><Data ss:Type="String">Gastly</Data></Cell></Row><Row ss:Height="12.8126"><Cell><Data ss:Type="Number">93</Data></Cell><Cell><Data ss:Type="String">Haunter</Data></Cell></Row><Row ss:Height="12.8126"><Cell><Data ss:Type="Number">94</Data></Cell><Cell><Data ss:Type="String">Gengar</Data></Cell></Row><Row ss:Index="96" ss:Height="12.8126"><Cell><Data ss:Type="Number">95</Data></Cell><Cell><Data ss:Type="String">Onix</Data></Cell></Row><Row ss:Height="12.8126"><Cell><Data ss:Type="Number">96</Data></Cell><Cell><Data ss:Type="String">Drowzee</Data></Cell></Row><Row ss:Height="12.8126"><Cell><Data ss:Type="Number">97</Data></Cell><Cell><Data ss:Type="String">Hypno</Data></Cell></Row><Row ss:Height="12.8126"><Cell><Data ss:Type="Number">98</Data></Cell><Cell><Data ss:Type="String">Krabby</Data></Cell></Row><Row ss:Height="12.8126"><Cell><Data ss:Type="Number">99</Data></Cell><Cell><Data ss:Type="String">Kingler</Data></Cell></Row><Row ss:Height="12.8126"><Cell><Data ss:Type="Number">100</Data></Cell><Cell><Data ss:Type="String">Voltorb</Data></Cell></Row><Row ss:Height="12.8126"><Cell><Data ss:Type="Number">101</Data></Cell><Cell><Data ss:Type="String">Electrode</Data></Cell></Row><Row ss:Height="12.8126"><Cell><Data ss:Type="Number">102</Data></Cell><Cell><Data ss:Type="String">Exeggcute</Data></Cell></Row><Row ss:Height="12.8126"><Cell><Data ss:Type="Number">103</Data></Cell><Cell><Data ss:Type="String">Exeggutor</Data></Cell></Row><Row ss:Index="105" ss:Height="12.8126"><Cell><Data ss:Type="Number">104</Data></Cell><Cell><Data ss:Type="String">Cubone</Data></Cell></Row><Row ss:Height="12.8126"><Cell><Data ss:Type="Number">105</Data></Cell><Cell><Data ss:Type="String">Marowak</Data></Cell></Row><Row ss:Height="12.8126"><Cell><Data ss:Type="Number">106</Data></Cell><Cell><Data ss:Type="String">Hitmonlee</Data></Cell></Row><Row ss:Height="12.8126"><Cell><Data ss:Type="Number">107</Data></Cell><Cell><Data ss:Type="String">Hitmonchan</Data></Cell></Row><Row ss:Height="12.8126"><Cell><Data ss:Type="Number">108</Data></Cell><Cell><Data ss:Type="String">Lickitung</Data></Cell></Row><Row ss:Height="12.8126"><Cell><Data ss:Type="Number">109</Data></Cell><Cell><Data ss:Type="String">Koffing</Data></Cell></Row><Row ss:Height="12.8126"><Cell><Data ss:Type="Number">110</Data></Cell><Cell><Data ss:Type="String">Weezing</Data></Cell></Row><Row ss:Height="12.8126"><Cell><Data ss:Type="Number">111</Data></Cell><Cell><Data ss:Type="String">Rhyhorn</Data></Cell></Row><Row ss:Height="12.8126"><Cell><Data ss:Type="Number">112</Data></Cell><Cell><Data ss:Type="String">Rhydon</Data></Cell></Row><Row ss:Height="12.8126"><Cell><Data ss:Type="Number">113</Data></Cell><Cell><Data ss:Type="String">Chansey</Data></Cell></Row><Row ss:Index="115" ss:Height="12.8126"><Cell><Data ss:Type="Number">114</Data></Cell><Cell><Data ss:Type="String">Tangela</Data></Cell></Row><Row ss:Height="12.8126"><Cell><Data ss:Type="Number">115</Data></Cell><Cell><Data ss:Type="String">Kangaskhan</Data></Cell></Row><Row ss:Height="12.8126"><Cell><Data ss:Type="Number">116</Data></Cell><Cell><Data ss:Type="String">Horsea</Data></Cell></Row><Row ss:Height="12.8126"><Cell><Data ss:Type="Number">117</Data></Cell><Cell><Data ss:Type="String">Seadra</Data></Cell></Row><Row ss:Height="12.8126"><Cell><Data ss:Type="Number">118</Data></Cell><Cell><Data ss:Type="String">Goldeen</Data></Cell></Row><Row ss:Height="12.8126"><Cell><Data ss:Type="Number">119</Data></Cell><Cell><Data ss:Type="String">Seaking</Data></Cell></Row><Row ss:Height="12.8126"><Cell><Data ss:Type="Number">120</Data></Cell><Cell><Data ss:Type="String">Staryu</Data></Cell></Row><Row ss:Height="12.8126"><Cell><Data ss:Type="Number">121</Data></Cell><Cell><Data ss:Type="String">Starmie</Data></Cell></Row><Row ss:Height="12.8126"><Cell><Data ss:Type="Number">122</Data></Cell><Cell><Data ss:Type="String">Mr. Mime</Data></Cell></Row><Row ss:Index="124" ss:Height="12.8126"><Cell><Data ss:Type="Number">123</Data></Cell><Cell><Data ss:Type="String">Scyther</Data></Cell></Row><Row ss:Height="12.8126"><Cell><Data ss:Type="Number">124</Data></Cell><Cell><Data ss:Type="String">Jynx</Data></Cell></Row><Row ss:Height="12.8126"><Cell><Data ss:Type="Number">125</Data></Cell><Cell><Data ss:Type="String">Electabuzz</Data></Cell></Row><Row ss:Height="12.8126"><Cell><Data ss:Type="Number">126</Data></Cell><Cell><Data ss:Type="String">Magmar</Data></Cell></Row><Row ss:Height="12.8126"><Cell><Data ss:Type="Number">127</Data></Cell><Cell><Data ss:Type="String">Pinsir</Data></Cell></Row><Row ss:Height="12.8126"><Cell><Data ss:Type="Number">128</Data></Cell><Cell><Data ss:Type="String">Tauros</Data></Cell></Row><Row ss:Height="12.8126"><Cell><Data ss:Type="Number">129</Data></Cell><Cell><Data ss:Type="String">Magikarp</Data></Cell></Row><Row ss:Height="12.8126"><Cell><Data ss:Type="Number">130</Data></Cell><Cell><Data ss:Type="String">Gyarados</Data></Cell></Row><Row ss:Height="12.8126"><Cell><Data ss:Type="Number">131</Data></Cell><Cell><Data ss:Type="String">Lapras</Data></Cell></Row><Row ss:Height="12.8126"><Cell><Data ss:Type="Number">132</Data></Cell><Cell><Data ss:Type="String">Ditto</Data></Cell></Row><Row ss:Index="134" ss:Height="12.8126"><Cell><Data ss:Type="Number">133</Data></Cell><Cell><Data ss:Type="String">Eevee</Data></Cell></Row><Row ss:Height="12.8126"><Cell><Data ss:Type="Number">134</Data></Cell><Cell><Data ss:Type="String">Vaporeon</Data></Cell></Row><Row ss:Height="12.8126"><Cell><Data ss:Type="Number">135</Data></Cell><Cell><Data ss:Type="String">Jolteon</Data></Cell></Row><Row ss:Height="12.8126"><Cell><Data ss:Type="Number">136</Data></Cell><Cell><Data ss:Type="String">Flareon</Data></Cell></Row><Row ss:Height="12.8126"><Cell><Data ss:Type="Number">137</Data></Cell><Cell><Data ss:Type="String">Porygon</Data></Cell></Row><Row ss:Height="12.8126"><Cell><Data ss:Type="Number">138</Data></Cell><Cell><Data ss:Type="String">Omanyte</Data></Cell></Row><Row ss:Height="12.8126"><Cell><Data ss:Type="Number">139</Data></Cell><Cell><Data ss:Type="String">Omastar</Data></Cell></Row><Row ss:Height="12.8126"><Cell><Data ss:Type="Number">140</Data></Cell><Cell><Data ss:Type="String">Kabuto</Data></Cell></Row><Row ss:Height="12.8126"><Cell><Data ss:Type="Number">141</Data></Cell><Cell><Data ss:Type="String">Kabutops</Data></Cell></Row><Row ss:Index="143" ss:Height="12.8126"><Cell><Data ss:Type="Number">142</Data></Cell><Cell><Data ss:Type="String">Aerodactyl</Data></Cell></Row><Row ss:Height="12.8126"><Cell><Data ss:Type="Number">143</Data></Cell><Cell><Data ss:Type="String">Snorlax</Data></Cell></Row><Row ss:Height="12.8126"><Cell><Data ss:Type="Number">144</Data></Cell><Cell><Data ss:Type="String">Articuno</Data></Cell></Row><Row ss:Height="12.8126"><Cell><Data ss:Type="Number">145</Data></Cell><Cell><Data ss:Type="String">Zapdos</Data></Cell></Row><Row ss:Height="12.8126"><Cell><Data ss:Type="Number">146</Data></Cell><Cell><Data ss:Type="String">Moltres</Data></Cell></Row><Row ss:Height="12.8126"><Cell><Data ss:Type="Number">147</Data></Cell><Cell><Data ss:Type="String">Dratini</Data></Cell></Row><Row ss:Height="12.8126"><Cell><Data ss:Type="Number">148</Data></Cell><Cell><Data ss:Type="String">Dragonair</Data></Cell></Row><Row ss:Height="12.8126"><Cell><Data ss:Type="Number">149</Data></Cell><Cell><Data ss:Type="String">Dragonite</Data></Cell></Row><Row ss:Height="12.8126"><Cell><Data ss:Type="Number">150</Data></Cell><Cell><Data ss:Type="String">Mewtwo</Data></Cell></Row><Row ss:Height="12.8126"><Cell><Data ss:Type="Number">151</Data></Cell><Cell><Data ss:Type="String">Mew</Data></Cell></Row></Table><x:WorksheetOptions/></ss:Worksheet></Workbook>